"Date Time","User","Owner","Identifier","Version","Event","Details"
"2021-Jan-27, 16:46","UserName1@example.com","ACME","TEST","1.2.3","Create","Any old text0"
"2021-Jan-27, 16:46","UserName1@example.com","ACME","TEST","1.2.3","Update","Any old text0"
"2021-Jan-27, 16:46","UserName1@example.com","ACME","TEST","1.2.3","Delete","Any old text0"
"2021-Jan-27, 16:46","UserName1@example.com","ACME","TEST","1.2.3","Create","Any old text1"
"2021-Jan-27, 16:46","UserName1@example.com","ACME","TEST","1.2.3","Update","Any old text1"
"2021-Jan-27, 16:46","UserName1@example.com","ACME","TEST","1.2.3","Delete","Any old text1"
"2021-Jan-27, 16:46","UserName1@example.com","ACME","TEST","1.2.3","Create","Any old text2"
"2021-Jan-27, 16:46","UserName1@example.com","ACME","TEST","1.2.3","Update","Any old text2"
"2021-Jan-27, 16:46","UserName1@example.com","ACME","TEST","1.2.3","Delete","Any old text2"
"2021-Jan-27, 16:46","UserName1@example.com","ACME","TEST","1.2.3","Create","Any old text3"
"2021-Jan-27, 16:46","UserName1@example.com","ACME","TEST","1.2.3","Update","Any old text3"
"2021-Jan-27, 16:46","UserName1@example.com","ACME","TEST","1.2.3","Delete","Any old text3"
"2021-Jan-27, 16:46","UserName1@example.com","ACME","TEST","1.2.3","Create","Any old text4"
"2021-Jan-27, 16:46","UserName1@example.com","ACME","TEST","1.2.3","Update","Any old text4"
"2021-Jan-27, 16:46","UserName1@example.com","ACME","TEST","1.2.3","Delete","Any old text4"
"2021-Jan-27, 16:46","UserName1@example.com","ACME","TEST","1.2.3","Create","Any old text5"
"2021-Jan-27, 16:46","UserName1@example.com","ACME","TEST","1.2.3","Update","Any old text5"
"2021-Jan-27, 16:46","UserName1@example.com","ACME","TEST","1.2.3","Delete","Any old text5"
"2021-Jan-27, 16:46","UserName1@example.com","ACME","TEST","1.2.3","Create","Any old text6"
"2021-Jan-27, 16:46","UserName1@example.com","ACME","TEST","1.2.3","Update","Any old text6"
"2021-Jan-27, 16:46","UserName1@example.com","ACME","TEST","1.2.3","Delete","Any old text6"
"2021-Jan-27, 16:46","UserName1@example.com","ACME","TEST","1.2.3","Create","Any old text7"
"2021-Jan-27, 16:46","UserName1@example.com","ACME","TEST","1.2.3","Update","Any old text7"
"2021-Jan-27, 16:46","UserName1@example.com","ACME","TEST","1.2.3","Delete","Any old text7"
"2021-Jan-27, 16:46","UserName1@example.com","ACME","TEST","1.2.3","Create","Any old text8"
"2021-Jan-27, 16:46","UserName1@example.com","ACME","TEST","1.2.3","Update","Any old text8"
"2021-Jan-27, 16:46","UserName1@example.com","ACME","TEST","1.2.3","Delete","Any old text8"
"2021-Jan-27, 16:46","UserName1@example.com","ACME","TEST","1.2.3","Create","Any old text9"
"2021-Jan-27, 16:46","UserName1@example.com","ACME","TEST","1.2.3","Update","Any old text9"
"2021-Jan-27, 16:46","UserName1@example.com","ACME","TEST","1.2.3","Delete","Any old text9"
"2021-Jan-27, 16:46","UserName1@example.com","ACME","TEST","1.2.3","Create","Any old text10"
"2021-Jan-27, 16:46","UserName1@example.com","ACME","TEST","1.2.3","Update","Any old text10"
"2021-Jan-27, 16:46","UserName1@example.com","ACME","TEST","1.2.3","Delete","Any old text10"
"2021-Jan-27, 16:46","UserName1@example.com","ACME","TEST","1.2.3","Create","Any old text11"
"2021-Jan-27, 16:46","UserName1@example.com","ACME","TEST","1.2.3","Update","Any old text11"
"2021-Jan-27, 16:46","UserName1@example.com","ACME","TEST","1.2.3","Delete","Any old text11"
"2021-Jan-27, 16:46","UserName1@example.com","ACME","TEST","1.2.3","Create","Any old text12"
"2021-Jan-27, 16:46","UserName1@example.com","ACME","TEST","1.2.3","Update","Any old text12"
"2021-Jan-27, 16:46","UserName1@example.com","ACME","TEST","1.2.3","Delete","Any old text12"
"2021-Jan-27, 16:46","UserName1@example.com","ACME","TEST","1.2.3","Create","Any old text13"
"2021-Jan-27, 16:46","UserName1@example.com","ACME","TEST","1.2.3","Update","Any old text13"
"2021-Jan-27, 16:46","UserName1@example.com","ACME","TEST","1.2.3","Delete","Any old text13"
"2021-Jan-27, 16:46","UserName1@example.com","ACME","TEST","1.2.3","Create","Any old text14"
"2021-Jan-27, 16:46","UserName1@example.com","ACME","TEST","1.2.3","Update","Any old text14"
"2021-Jan-27, 16:46","UserName1@example.com","ACME","TEST","1.2.3","Delete","Any old text14"
"2021-Jan-27, 16:46","UserName1@example.com","ACME","TEST","1.2.3","Create","Any old text15"
"2021-Jan-27, 16:46","UserName1@example.com","ACME","TEST","1.2.3","Update","Any old text15"
"2021-Jan-27, 16:46","UserName1@example.com","ACME","TEST","1.2.3","Delete","Any old text15"
"2021-Jan-27, 16:46","UserName1@example.com","ACME","TEST","1.2.3","Create","Any old text16"
"2021-Jan-27, 16:46","UserName1@example.com","ACME","TEST","1.2.3","Update","Any old text16"
"2021-Jan-27, 16:46","UserName1@example.com","ACME","TEST","1.2.3","Delete","Any old text16"
"2021-Jan-27, 16:46","UserName1@example.com","ACME","TEST","1.2.3","Create","Any old text17"
"2021-Jan-27, 16:46","UserName1@example.com","ACME","TEST","1.2.3","Update","Any old text17"
"2021-Jan-27, 16:46","UserName1@example.com","ACME","TEST","1.2.3","Delete","Any old text17"
"2021-Jan-27, 16:46","UserName1@example.com","ACME","TEST","1.2.3","Create","Any old text18"
"2021-Jan-27, 16:46","UserName1@example.com","ACME","TEST","1.2.3","Update","Any old text18"
"2021-Jan-27, 16:46","UserName1@example.com","ACME","TEST","1.2.3","Delete","Any old text18"
"2021-Jan-27, 16:46","UserName1@example.com","ACME","TEST","1.2.3","Create","Any old text19"
"2021-Jan-27, 16:46","UserName1@example.com","ACME","TEST","1.2.3","Update","Any old text19"
"2021-Jan-27, 16:46","UserName1@example.com","ACME","TEST","1.2.3","Delete","Any old text19"
"2021-Jan-27, 16:46","UserName2@example.com","ACME","TEST","1.2.3","Create","Any old text0"
"2021-Jan-27, 16:46","UserName2@example.com","ACME","TEST","1.2.3","Update","Any old text0"
"2021-Jan-27, 16:46","UserName2@example.com","ACME","TEST","1.2.3","Delete","Any old text0"
"2021-Jan-27, 16:46","UserName2@example.com","ACME","TEST","1.2.3","Create","Any old text1"
"2021-Jan-27, 16:46","UserName2@example.com","ACME","TEST","1.2.3","Update","Any old text1"
"2021-Jan-27, 16:46","UserName2@example.com","ACME","TEST","1.2.3","Delete","Any old text1"
"2021-Jan-27, 16:46","UserName2@example.com","ACME","TEST","1.2.3","Create","Any old text2"
"2021-Jan-27, 16:46","UserName2@example.com","ACME","TEST","1.2.3","Update","Any old text2"
"2021-Jan-27, 16:46","UserName2@example.com","ACME","TEST","1.2.3","Delete","Any old text2"
"2021-Jan-27, 16:46","UserName2@example.com","ACME","TEST","1.2.3","Create","Any old text3"
"2021-Jan-27, 16:46","UserName2@example.com","ACME","TEST","1.2.3","Update","Any old text3"
"2021-Jan-27, 16:46","UserName2@example.com","ACME","TEST","1.2.3","Delete","Any old text3"
"2021-Jan-27, 16:46","UserName2@example.com","ACME","TEST","1.2.3","Create","Any old text4"
"2021-Jan-27, 16:46","UserName2@example.com","ACME","TEST","1.2.3","Update","Any old text4"
"2021-Jan-27, 16:46","UserName2@example.com","ACME","TEST","1.2.3","Delete","Any old text4"
"2021-Jan-27, 16:46","UserName2@example.com","ACME","TEST","1.2.3","Create","Any old text5"
"2021-Jan-27, 16:46","UserName2@example.com","ACME","TEST","1.2.3","Update","Any old text5"
"2021-Jan-27, 16:46","UserName2@example.com","ACME","TEST","1.2.3","Delete","Any old text5"
"2021-Jan-27, 16:46","UserName2@example.com","ACME","TEST","1.2.3","Create","Any old text6"
"2021-Jan-27, 16:46","UserName2@example.com","ACME","TEST","1.2.3","Update","Any old text6"
"2021-Jan-27, 16:46","UserName2@example.com","ACME","TEST","1.2.3","Delete","Any old text6"
"2021-Jan-27, 16:46","UserName2@example.com","ACME","TEST","1.2.3","Create","Any old text7"
"2021-Jan-27, 16:46","UserName2@example.com","ACME","TEST","1.2.3","Update","Any old text7"
"2021-Jan-27, 16:46","UserName2@example.com","ACME","TEST","1.2.3","Delete","Any old text7"
"2021-Jan-27, 16:46","UserName2@example.com","ACME","TEST","1.2.3","Create","Any old text8"
"2021-Jan-27, 16:46","UserName2@example.com","ACME","TEST","1.2.3","Update","Any old text8"
"2021-Jan-27, 16:46","UserName2@example.com","ACME","TEST","1.2.3","Delete","Any old text8"
"2021-Jan-27, 16:46","UserName2@example.com","ACME","TEST","1.2.3","Create","Any old text9"
"2021-Jan-27, 16:46","UserName2@example.com","ACME","TEST","1.2.3","Update","Any old text9"
"2021-Jan-27, 16:46","UserName2@example.com","ACME","TEST","1.2.3","Delete","Any old text9"
"2021-Jan-27, 16:46","UserName2@example.com","ACME","TEST","1.2.3","Create","Any old text10"
"2021-Jan-27, 16:46","UserName2@example.com","ACME","TEST","1.2.3","Update","Any old text10"
"2021-Jan-27, 16:46","UserName2@example.com","ACME","TEST","1.2.3","Delete","Any old text10"
"2021-Jan-27, 16:46","UserName2@example.com","ACME","TEST","1.2.3","Create","Any old text11"
"2021-Jan-27, 16:46","UserName2@example.com","ACME","TEST","1.2.3","Update","Any old text11"
"2021-Jan-27, 16:46","UserName2@example.com","ACME","TEST","1.2.3","Delete","Any old text11"
"2021-Jan-27, 16:46","UserName2@example.com","ACME","TEST","1.2.3","Create","Any old text12"
"2021-Jan-27, 16:46","UserName2@example.com","ACME","TEST","1.2.3","Update","Any old text12"
"2021-Jan-27, 16:46","UserName2@example.com","ACME","TEST","1.2.3","Delete","Any old text12"
"2021-Jan-27, 16:46","UserName2@example.com","ACME","TEST","1.2.3","Create","Any old text13"
"2021-Jan-27, 16:46","UserName2@example.com","ACME","TEST","1.2.3","Update","Any old text13"
"2021-Jan-27, 16:46","UserName2@example.com","ACME","TEST","1.2.3","Delete","Any old text13"
"2021-Jan-27, 16:46","UserName2@example.com","ACME","TEST","1.2.3","Create","Any old text14"
"2021-Jan-27, 16:46","UserName2@example.com","ACME","TEST","1.2.3","Update","Any old text14"
"2021-Jan-27, 16:46","UserName2@example.com","ACME","TEST","1.2.3","Delete","Any old text14"
"2021-Jan-27, 16:46","UserName2@example.com","ACME","TEST","1.2.3","Create","Any old text15"
"2021-Jan-27, 16:46","UserName2@example.com","ACME","TEST","1.2.3","Update","Any old text15"
"2021-Jan-27, 16:46","UserName2@example.com","ACME","TEST","1.2.3","Delete","Any old text15"
"2021-Jan-27, 16:46","UserName2@example.com","ACME","TEST","1.2.3","Create","Any old text16"
"2021-Jan-27, 16:46","UserName2@example.com","ACME","TEST","1.2.3","Update","Any old text16"
"2021-Jan-27, 16:46","UserName2@example.com","ACME","TEST","1.2.3","Delete","Any old text16"
"2021-Jan-27, 16:46","UserName2@example.com","ACME","TEST","1.2.3","Create","Any old text17"
"2021-Jan-27, 16:46","UserName2@example.com","ACME","TEST","1.2.3","Update","Any old text17"
"2021-Jan-27, 16:46","UserName2@example.com","ACME","TEST","1.2.3","Delete","Any old text17"
"2021-Jan-27, 16:46","UserName2@example.com","ACME","TEST","1.2.3","Create","Any old text18"
"2021-Jan-27, 16:46","UserName2@example.com","ACME","TEST","1.2.3","Update","Any old text18"
"2021-Jan-27, 16:46","UserName2@example.com","ACME","TEST","1.2.3","Delete","Any old text18"
"2021-Jan-27, 16:46","UserName2@example.com","ACME","TEST","1.2.3","Create","Any old text19"
"2021-Jan-27, 16:46","UserName2@example.com","ACME","TEST","1.2.3","Update","Any old text19"
"2021-Jan-27, 16:46","UserName2@example.com","ACME","TEST","1.2.3","Delete","Any old text19"
"2021-Jan-27, 16:46","UserName3@example.com","ACME","TEST","1.2.3","Create","Any old text0"
"2021-Jan-27, 16:46","UserName3@example.com","ACME","TEST","1.2.3","Update","Any old text0"
"2021-Jan-27, 16:46","UserName3@example.com","ACME","TEST","1.2.3","Delete","Any old text0"
"2021-Jan-27, 16:46","UserName3@example.com","ACME","TEST","1.2.3","Create","Any old text1"
"2021-Jan-27, 16:46","UserName3@example.com","ACME","TEST","1.2.3","Update","Any old text1"
"2021-Jan-27, 16:46","UserName3@example.com","ACME","TEST","1.2.3","Delete","Any old text1"
"2021-Jan-27, 16:46","UserName3@example.com","ACME","TEST","1.2.3","Create","Any old text2"
"2021-Jan-27, 16:46","UserName3@example.com","ACME","TEST","1.2.3","Update","Any old text2"
"2021-Jan-27, 16:46","UserName3@example.com","ACME","TEST","1.2.3","Delete","Any old text2"
"2021-Jan-27, 16:46","UserName3@example.com","ACME","TEST","1.2.3","Create","Any old text3"
"2021-Jan-27, 16:46","UserName3@example.com","ACME","TEST","1.2.3","Update","Any old text3"
"2021-Jan-27, 16:46","UserName3@example.com","ACME","TEST","1.2.3","Delete","Any old text3"
"2021-Jan-27, 16:46","UserName3@example.com","ACME","TEST","1.2.3","Create","Any old text4"
"2021-Jan-27, 16:46","UserName3@example.com","ACME","TEST","1.2.3","Update","Any old text4"
"2021-Jan-27, 16:46","UserName3@example.com","ACME","TEST","1.2.3","Delete","Any old text4"
"2021-Jan-27, 16:46","UserName3@example.com","ACME","TEST","1.2.3","Create","Any old text5"
"2021-Jan-27, 16:46","UserName3@example.com","ACME","TEST","1.2.3","Update","Any old text5"
"2021-Jan-27, 16:46","UserName3@example.com","ACME","TEST","1.2.3","Delete","Any old text5"
"2021-Jan-27, 16:46","UserName3@example.com","ACME","TEST","1.2.3","Create","Any old text6"
"2021-Jan-27, 16:46","UserName3@example.com","ACME","TEST","1.2.3","Update","Any old text6"
"2021-Jan-27, 16:46","UserName3@example.com","ACME","TEST","1.2.3","Delete","Any old text6"
"2021-Jan-27, 16:46","UserName3@example.com","ACME","TEST","1.2.3","Create","Any old text7"
"2021-Jan-27, 16:46","UserName3@example.com","ACME","TEST","1.2.3","Update","Any old text7"
"2021-Jan-27, 16:46","UserName3@example.com","ACME","TEST","1.2.3","Delete","Any old text7"
"2021-Jan-27, 16:46","UserName3@example.com","ACME","TEST","1.2.3","Create","Any old text8"
"2021-Jan-27, 16:46","UserName3@example.com","ACME","TEST","1.2.3","Update","Any old text8"
"2021-Jan-27, 16:46","UserName3@example.com","ACME","TEST","1.2.3","Delete","Any old text8"
"2021-Jan-27, 16:46","UserName3@example.com","ACME","TEST","1.2.3","Create","Any old text9"
"2021-Jan-27, 16:46","UserName3@example.com","ACME","TEST","1.2.3","Update","Any old text9"
"2021-Jan-27, 16:46","UserName3@example.com","ACME","TEST","1.2.3","Delete","Any old text9"
"2021-Jan-27, 16:46","UserName3@example.com","ACME","TEST","1.2.3","Create","Any old text10"
"2021-Jan-27, 16:46","UserName3@example.com","ACME","TEST","1.2.3","Update","Any old text10"
"2021-Jan-27, 16:46","UserName3@example.com","ACME","TEST","1.2.3","Delete","Any old text10"
"2021-Jan-27, 16:46","UserName3@example.com","ACME","TEST","1.2.3","Create","Any old text11"
"2021-Jan-27, 16:46","UserName3@example.com","ACME","TEST","1.2.3","Update","Any old text11"
"2021-Jan-27, 16:46","UserName3@example.com","ACME","TEST","1.2.3","Delete","Any old text11"
"2021-Jan-27, 16:46","UserName3@example.com","ACME","TEST","1.2.3","Create","Any old text12"
"2021-Jan-27, 16:46","UserName3@example.com","ACME","TEST","1.2.3","Update","Any old text12"
"2021-Jan-27, 16:46","UserName3@example.com","ACME","TEST","1.2.3","Delete","Any old text12"
"2021-Jan-27, 16:46","UserName3@example.com","ACME","TEST","1.2.3","Create","Any old text13"
"2021-Jan-27, 16:46","UserName3@example.com","ACME","TEST","1.2.3","Update","Any old text13"
"2021-Jan-27, 16:46","UserName3@example.com","ACME","TEST","1.2.3","Delete","Any old text13"
"2021-Jan-27, 16:46","UserName3@example.com","ACME","TEST","1.2.3","Create","Any old text14"
"2021-Jan-27, 16:46","UserName3@example.com","ACME","TEST","1.2.3","Update","Any old text14"
"2021-Jan-27, 16:46","UserName3@example.com","ACME","TEST","1.2.3","Delete","Any old text14"
"2021-Jan-27, 16:46","UserName3@example.com","ACME","TEST","1.2.3","Create","Any old text15"
"2021-Jan-27, 16:46","UserName3@example.com","ACME","TEST","1.2.3","Update","Any old text15"
"2021-Jan-27, 16:46","UserName3@example.com","ACME","TEST","1.2.3","Delete","Any old text15"
"2021-Jan-27, 16:46","UserName3@example.com","ACME","TEST","1.2.3","Create","Any old text16"
"2021-Jan-27, 16:46","UserName3@example.com","ACME","TEST","1.2.3","Update","Any old text16"
"2021-Jan-27, 16:46","UserName3@example.com","ACME","TEST","1.2.3","Delete","Any old text16"
"2021-Jan-27, 16:46","UserName3@example.com","ACME","TEST","1.2.3","Create","Any old text17"
"2021-Jan-27, 16:46","UserName3@example.com","ACME","TEST","1.2.3","Update","Any old text17"
"2021-Jan-27, 16:46","UserName3@example.com","ACME","TEST","1.2.3","Delete","Any old text17"
"2021-Jan-27, 16:46","UserName3@example.com","ACME","TEST","1.2.3","Create","Any old text18"
"2021-Jan-27, 16:46","UserName3@example.com","ACME","TEST","1.2.3","Update","Any old text18"
"2021-Jan-27, 16:46","UserName3@example.com","ACME","TEST","1.2.3","Delete","Any old text18"
"2021-Jan-27, 16:46","UserName3@example.com","ACME","TEST","1.2.3","Create","Any old text19"
"2021-Jan-27, 16:46","UserName3@example.com","ACME","TEST","1.2.3","Update","Any old text19"
"2021-Jan-27, 16:46","UserName3@example.com","ACME","TEST","1.2.3","Delete","Any old text19"
"2021-Jan-27, 16:46","UserName1@example.com","","","","Create","Any old text0"
"2021-Jan-27, 16:46","UserName1@example.com","","","","Update","Any old text0"
"2021-Jan-27, 16:46","UserName1@example.com","","","","Delete","Any old text0"
"2021-Jan-27, 16:46","UserName1@example.com","","","","Create","Any old text1"
"2021-Jan-27, 16:46","UserName1@example.com","","","","Update","Any old text1"
"2021-Jan-27, 16:46","UserName1@example.com","","","","Delete","Any old text1"
"2021-Jan-27, 16:46","UserName1@example.com","","","","Create","Any old text2"
"2021-Jan-27, 16:46","UserName1@example.com","","","","Update","Any old text2"
"2021-Jan-27, 16:46","UserName1@example.com","","","","Delete","Any old text2"
"2021-Jan-27, 16:46","UserName1@example.com","","","","Create","Any old text3"
"2021-Jan-27, 16:46","UserName1@example.com","","","","Update","Any old text3"
"2021-Jan-27, 16:46","UserName1@example.com","","","","Delete","Any old text3"
"2021-Jan-27, 16:46","UserName1@example.com","","","","Create","Any old text4"
"2021-Jan-27, 16:46","UserName1@example.com","","","","Update","Any old text4"
"2021-Jan-27, 16:46","UserName1@example.com","","","","Delete","Any old text4"
"2021-Jan-27, 16:46","UserName1@example.com","","","","Create","Any old text5"
"2021-Jan-27, 16:46","UserName1@example.com","","","","Update","Any old text5"
"2021-Jan-27, 16:46","UserName1@example.com","","","","Delete","Any old text5"
"2021-Jan-27, 16:46","UserName1@example.com","","","","Create","Any old text6"
"2021-Jan-27, 16:46","UserName1@example.com","","","","Update","Any old text6"
"2021-Jan-27, 16:46","UserName1@example.com","","","","Delete","Any old text6"
"2021-Jan-27, 16:46","UserName1@example.com","","","","Create","Any old text7"
"2021-Jan-27, 16:46","UserName1@example.com","","","","Update","Any old text7"
"2021-Jan-27, 16:46","UserName1@example.com","","","","Delete","Any old text7"
"2021-Jan-27, 16:46","UserName1@example.com","","","","Create","Any old text8"
"2021-Jan-27, 16:46","UserName1@example.com","","","","Update","Any old text8"
"2021-Jan-27, 16:46","UserName1@example.com","","","","Delete","Any old text8"
"2021-Jan-27, 16:46","UserName1@example.com","","","","Create","Any old text9"
"2021-Jan-27, 16:46","UserName1@example.com","","","","Update","Any old text9"
"2021-Jan-27, 16:46","UserName1@example.com","","","","Delete","Any old text9"
"2021-Jan-27, 16:46","UserName2@example.com","","","","Create","Any old text0"
"2021-Jan-27, 16:46","UserName2@example.com","","","","Update","Any old text0"
"2021-Jan-27, 16:46","UserName2@example.com","","","","Delete","Any old text0"
"2021-Jan-27, 16:46","UserName2@example.com","","","","Create","Any old text1"
"2021-Jan-27, 16:46","UserName2@example.com","","","","Update","Any old text1"
"2021-Jan-27, 16:46","UserName2@example.com","","","","Delete","Any old text1"
"2021-Jan-27, 16:46","UserName2@example.com","","","","Create","Any old text2"
"2021-Jan-27, 16:46","UserName2@example.com","","","","Update","Any old text2"
"2021-Jan-27, 16:46","UserName2@example.com","","","","Delete","Any old text2"
"2021-Jan-27, 16:46","UserName2@example.com","","","","Create","Any old text3"
"2021-Jan-27, 16:46","UserName2@example.com","","","","Update","Any old text3"
"2021-Jan-27, 16:46","UserName2@example.com","","","","Delete","Any old text3"
"2021-Jan-27, 16:46","UserName2@example.com","","","","Create","Any old text4"
"2021-Jan-27, 16:46","UserName2@example.com","","","","Update","Any old text4"
"2021-Jan-27, 16:46","UserName2@example.com","","","","Delete","Any old text4"
"2021-Jan-27, 16:46","UserName2@example.com","","","","Create","Any old text5"
"2021-Jan-27, 16:46","UserName2@example.com","","","","Update","Any old text5"
"2021-Jan-27, 16:46","UserName2@example.com","","","","Delete","Any old text5"
"2021-Jan-27, 16:46","UserName2@example.com","","","","Create","Any old text6"
"2021-Jan-27, 16:46","UserName2@example.com","","","","Update","Any old text6"
"2021-Jan-27, 16:46","UserName2@example.com","","","","Delete","Any old text6"
"2021-Jan-27, 16:46","UserName2@example.com","","","","Create","Any old text7"
"2021-Jan-27, 16:46","UserName2@example.com","","","","Update","Any old text7"
"2021-Jan-27, 16:46","UserName2@example.com","","","","Delete","Any old text7"
"2021-Jan-27, 16:46","UserName2@example.com","","","","Create","Any old text8"
"2021-Jan-27, 16:46","UserName2@example.com","","","","Update","Any old text8"
"2021-Jan-27, 16:46","UserName2@example.com","","","","Delete","Any old text8"
"2021-Jan-27, 16:46","UserName2@example.com","","","","Create","Any old text9"
"2021-Jan-27, 16:46","UserName2@example.com","","","","Update","Any old text9"
"2021-Jan-27, 16:46","UserName2@example.com","","","","Delete","Any old text9"
"2021-Jan-27, 16:46","UserName3@example.com","","","","Create","Any old text0"
"2021-Jan-27, 16:46","UserName3@example.com","","","","Update","Any old text0"
"2021-Jan-27, 16:46","UserName3@example.com","","","","Delete","Any old text0"
"2021-Jan-27, 16:46","UserName3@example.com","","","","Create","Any old text1"
"2021-Jan-27, 16:46","UserName3@example.com","","","","Update","Any old text1"
"2021-Jan-27, 16:46","UserName3@example.com","","","","Delete","Any old text1"
"2021-Jan-27, 16:46","UserName3@example.com","","","","Create","Any old text2"
"2021-Jan-27, 16:46","UserName3@example.com","","","","Update","Any old text2"
"2021-Jan-27, 16:46","UserName3@example.com","","","","Delete","Any old text2"
"2021-Jan-27, 16:46","UserName3@example.com","","","","Create","Any old text3"
"2021-Jan-27, 16:46","UserName3@example.com","","","","Update","Any old text3"
"2021-Jan-27, 16:46","UserName3@example.com","","","","Delete","Any old text3"
"2021-Jan-27, 16:46","UserName3@example.com","","","","Create","Any old text4"
"2021-Jan-27, 16:46","UserName3@example.com","","","","Update","Any old text4"
"2021-Jan-27, 16:46","UserName3@example.com","","","","Delete","Any old text4"
"2021-Jan-27, 16:46","UserName3@example.com","","","","Create","Any old text5"
"2021-Jan-27, 16:46","UserName3@example.com","","","","Update","Any old text5"
"2021-Jan-27, 16:46","UserName3@example.com","","","","Delete","Any old text5"
"2021-Jan-27, 16:46","UserName3@example.com","","","","Create","Any old text6"
"2021-Jan-27, 16:46","UserName3@example.com","","","","Update","Any old text6"
"2021-Jan-27, 16:46","UserName3@example.com","","","","Delete","Any old text6"
"2021-Jan-27, 16:46","UserName3@example.com","","","","Create","Any old text7"
"2021-Jan-27, 16:46","UserName3@example.com","","","","Update","Any old text7"
"2021-Jan-27, 16:46","UserName3@example.com","","","","Delete","Any old text7"
"2021-Jan-27, 16:46","UserName3@example.com","","","","Create","Any old text8"
"2021-Jan-27, 16:46","UserName3@example.com","","","","Update","Any old text8"
"2021-Jan-27, 16:46","UserName3@example.com","","","","Delete","Any old text8"
"2021-Jan-27, 16:46","UserName3@example.com","","","","Create","Any old text9"
"2021-Jan-27, 16:46","UserName3@example.com","","","","Update","Any old text9"
"2021-Jan-27, 16:46","UserName3@example.com","","","","Delete","Any old text9"
"2021-Jan-27, 16:46","UserName4@example.com","","","","User","Any old text0"
"2021-Jan-27, 16:46","UserName4@example.com","","","","User","Any old text1"
"2021-Jan-27, 16:46","UserName4@example.com","","","","User","Any old text2"
"2021-Jan-27, 16:46","UserName4@example.com","","","","User","Any old text3"
"2021-Jan-27, 16:46","UserName4@example.com","","","","User","Any old text4"
"2021-Jan-27, 16:46","UserName4@example.com","","","","User","Any old text5"
"2021-Jan-27, 16:46","UserName4@example.com","","","","User","Any old text6"
"2021-Jan-27, 16:46","UserName4@example.com","","","","User","Any old text7"
"2021-Jan-27, 16:46","UserName4@example.com","","","","User","Any old text8"
"2021-Jan-27, 16:46","UserName4@example.com","","","","User","Any old text9"
